{
  "project_info": {
    "project_number": "20777320176",
    "project_id": "lacuevadelcinefilo-a88f5",
    "storage_bucket": "lacuevadelcinefilo-a88f5.appspot.com"
  },
  "client": [
    {
      "client_info": {
        "mobilesdk_app_id": "1:20777320176:android:d9a5b2545c3f81d8ea0c35",
        "android_client_info": {
          "package_name": "com.example.la_cueva_del_cinefilo_app"
        }
      },
      "oauth_client": [],
      "api_key": [
        {
          "current_key": "AIzaSyC5rxKa--pdET9qTSaIhg0TE_EYGGBmq4I"
        }
      ],
      "services": {
        "appinvite_service": {
          "other_platform_oauth_client": []
        }
      }
    }
  ],
  "configuration_version": "1"
}